{"loss": 30463.453491210938, "_timestamp": 1698350109.0719783, "_runtime": 166.05074429512024, "_step": 199, "_wandb": {"runtime": 164}}