{"loss": 61026.8408203125, "_timestamp": 1698351920.237986, "_runtime": 2.6046621799468994, "_step": 1, "_wandb": {"runtime": 2}}