{"loss": 35435.74255371094, "_timestamp": 1698351655.0179982, "_runtime": 5.030714273452759, "_step": 4, "_wandb": {"runtime": 4}}