{"histogram_w_in_1": {"_type": "histogram", "values": [12, 7, 8, 7, 11, 11, 10, 12, 7, 10, 9, 6, 11, 9, 8, 7, 15, 5, 8, 16, 6, 8, 9, 4, 3, 6, 3, 5, 6, 8, 10, 10, 10, 7, 8, 6, 7, 8, 11, 7, 7, 6, 4, 8, 5, 11, 7, 11, 5, 5], "bins": [-0.09953087568283081, -0.09554103761911392, -0.09155120700597763, -0.08756136894226074, -0.08357153832912445, -0.07958170026540756, -0.07559186220169067, -0.07160203158855438, -0.0676121935248375, -0.0636223554611206, -0.059632524847984314, -0.055642686784267426, -0.051652852445840836, -0.047663018107414246, -0.043673183768987656, -0.03968334570527077, -0.03569351136684418, -0.03170367702841759, -0.027713840827345848, -0.023724006488919258, -0.01973417028784752, -0.01574433594942093, -0.011754500679671764, -0.0077646654099226, -0.003774830140173435, 0.00021500512957572937, 0.004204840399324894, 0.008194675669074059, 0.012184510938823223, 0.016174346208572388, 0.020164180546998978, 0.024154016748070717, 0.028143851086497307, 0.032133687287569046, 0.036123521625995636, 0.040113355964422226, 0.044103194028139114, 0.048093028366565704, 0.052082862704992294, 0.056072697043418884, 0.06006253510713577, 0.06405236572027206, 0.06804220378398895, 0.07203204184770584, 0.07602187246084213, 0.08001171052455902, 0.08400154858827591, 0.0879913792014122, 0.09198121726512909, 0.09597104787826538, 0.09996088594198227]}, "_timestamp": 1698585229.6172254, "_runtime": 9.617902517318726, "_step": 22, "histogram_w_rr_1": {"_type": "histogram", "values": [185, 188, 216, 185, 217, 211, 177, 208, 209, 188, 177, 214, 218, 186, 206, 232, 194, 190, 207, 207, 227, 193, 187, 177, 196, 200, 204, 183, 185, 218, 207, 210, 217, 196, 187, 193, 196, 171, 203, 181, 209, 213, 209, 206, 211, 197, 204, 205, 191, 209], "bins": [-0.09998907148838043, -0.09598977118730545, -0.09199047833681107, -0.08799117803573608, -0.0839918777346611, -0.07999257743358612, -0.07599328458309174, -0.07199398428201675, -0.06799468398094177, -0.06399539113044739, -0.059996090829372406, -0.05599679425358772, -0.05199749395251274, -0.04799819737672806, -0.043998897075653076, -0.03999960049986839, -0.03600030392408371, -0.03200100362300873, -0.028001707047224045, -0.024002408608794212, -0.02000311017036438, -0.016003811731934547, -0.01200451422482729, -0.008005215786397457, -0.004005917813628912, -6.619840860366821e-06, 0.003992678131908178, 0.007991976104676723, 0.011991274543106556, 0.015990572050213814, 0.019989870488643646, 0.02398916892707348, 0.02798846736550331, 0.031987763941287994, 0.035987064242362976, 0.03998636081814766, 0.04398565739393234, 0.047984957695007324, 0.05198425427079201, 0.05598355457186699, 0.05998285114765167, 0.06398215144872665, 0.06798144429922104, 0.07198074460029602, 0.075980044901371, 0.07997933775186539, 0.08397863805294037, 0.08797793835401535, 0.09197723865509033, 0.09597653150558472, 0.0999758318066597]}, "histogram_w_out_1": {"_type": "histogram", "values": [4, 3, 2, 1, 4, 0, 4, 1, 1, 2, 1, 2, 3, 6, 0, 2, 1, 3, 1, 2, 0, 1, 1, 0, 2, 2, 1, 6, 1, 2, 2, 5, 2, 2, 2, 3, 3, 1, 2, 1, 2, 3, 3, 0, 1, 1, 1, 3, 2, 2], "bins": [-0.09888841956853867, -0.09494480490684509, -0.09100119769573212, -0.08705758303403854, -0.08311396837234497, -0.0791703537106514, -0.07522674649953842, -0.07128313183784485, -0.06733951717615128, -0.0633959099650383, -0.05945229530334473, -0.055508680641651154, -0.05156506970524788, -0.047621455043554306, -0.04367784410715103, -0.03973422944545746, -0.035790618509054184, -0.03184700757265091, -0.027903392910957336, -0.023959780111908913, -0.02001616731286049, -0.016072556376457214, -0.012128942646086216, -0.008185330778360367, -0.004241717979311943, -0.0002981051802635193, 0.003645507385954261, 0.007589119952172041, 0.011532732285559177, 0.015476345084607601, 0.01941995695233345, 0.023363569751381874, 0.027307182550430298, 0.03125079721212387, 0.035194408148527145, 0.03913801908493042, 0.04308163374662399, 0.04702524468302727, 0.05096885934472084, 0.054912470281124115, 0.05885608494281769, 0.06279969960451126, 0.06674330681562424, 0.07068692147731781, 0.07463053613901138, 0.07857414335012436, 0.08251775801181793, 0.0864613726735115, 0.09040498733520508, 0.09434859454631805, 0.09829220920801163]}, "loss": 33891.48022270203, "histogram_w_in_5": {"_type": "histogram", "values": [1, 0, 1, 1, 0, 2, 3, 2, 5, 8, 13, 10, 8, 9, 15, 11, 13, 17, 18, 15, 14, 12, 15, 7, 15, 12, 9, 10, 12, 10, 15, 9, 8, 9, 11, 12, 12, 5, 10, 12, 9, 4, 4, 7, 1, 1, 1, 1, 0, 1], "bins": [-0.16874854266643524, -0.16226813197135925, -0.15578772127628326, -0.14930731058120728, -0.1428268998861313, -0.1363465040922165, -0.1298660933971405, -0.12338568270206451, -0.11690527200698853, -0.11042486131191254, -0.10394445061683655, -0.09746404737234116, -0.09098363667726517, -0.08450322598218918, -0.07802281528711319, -0.0715424120426178, -0.06506200134754181, -0.05858159065246582, -0.05210118368268013, -0.04562077298760414, -0.03914036601781845, -0.03265995532274246, -0.026179546490311623, -0.019699137657880783, -0.013218728825449944, -0.006738319993019104, -0.0002579110732767731, 0.006222497671842575, 0.012702906504273415, 0.019183315336704254, 0.025663724169135094, 0.03214413300156593, 0.03862454369664192, 0.04510495066642761, 0.0515853613615036, 0.05806576833128929, 0.06454617530107498, 0.07102658599615097, 0.07750699669122696, 0.08398740738630295, 0.09046781063079834, 0.09694822132587433, 0.10342863202095032, 0.1099090427160263, 0.1163894459605217, 0.12286985665559769, 0.12935025990009308, 0.13583067059516907, 0.14231108129024506, 0.14879149198532104, 0.15527190268039703]}, "histogram_w_rr_5": {"_type": "histogram", "values": [4, 20, 38, 105, 186, 207, 215, 250, 235, 259, 224, 228, 227, 266, 256, 211, 243, 250, 246, 285, 233, 230, 243, 208, 241, 225, 245, 246, 254, 234, 229, 242, 232, 226, 238, 225, 243, 228, 236, 279, 237, 229, 247, 218, 173, 117, 56, 20, 9, 2], "bins": [-0.11757136881351471, -0.11278346180915833, -0.10799554735422134, -0.10320764034986496, -0.09841972589492798, -0.0936318188905716, -0.08884390443563461, -0.08405599743127823, -0.07926808297634125, -0.07448017597198486, -0.06969226896762848, -0.0649043545126915, -0.060116443783044815, -0.05532853677868843, -0.05054062604904175, -0.045752715319395065, -0.04096480458974838, -0.0361768938601017, -0.03138898313045502, -0.026601074263453484, -0.0218131635338068, -0.017025252804160118, -0.01223734300583601, -0.007449432276189327, -0.002661522012203932, 0.0021263882517814636, 0.006914298515766859, 0.011702208779752254, 0.016490118578076363, 0.021278029307723045, 0.026065940037369728, 0.03085385076701641, 0.035641759634017944, 0.04042967036366463, 0.04521758109331131, 0.05000549182295799, 0.054793402552604675, 0.05958131328225136, 0.06436922401189804, 0.06915713101625443, 0.0739450454711914, 0.07873295247554779, 0.08352085947990417, 0.08830877393484116, 0.09309668093919754, 0.09788459539413452, 0.1026725023984909, 0.10746041685342789, 0.11224832385778427, 0.11703623831272125, 0.12182414531707764]}, "histogram_w_out_5": {"_type": "histogram", "values": [1, 0, 0, 1, 0, 0, 0, 0, 0, 1, 2, 0, 2, 0, 1, 3, 2, 3, 2, 3, 5, 3, 3, 3, 4, 6, 3, 0, 4, 6, 6, 1, 2, 4, 6, 2, 6, 5, 1, 3, 0, 2, 1, 0, 1, 1, 0, 0, 0, 1],