{"loss": 35435.74255371094, "_timestamp": 1698351312.2135475, "_runtime": 4.986552476882935, "_step": 4, "_wandb": {"runtime": 4}}