{"loss": 28257.000854492188, "_timestamp": 1698349590.7026403, "_runtime": 161.0645763874054, "_step": 199, "_wandb": {"runtime": 160}}