{"loss": 35435.74255371094, "_timestamp": 1698351243.0465178, "_runtime": 4.8602378368377686, "_step": 4, "_wandb": {"runtime": 4}}