{"loss": 35435.74255371094, "_timestamp": 1698351616.2382474, "_runtime": 4.974847316741943, "_step": 4, "_wandb": {"runtime": 4}}