{"loss": 24455.385833740234, "_timestamp": 1698349255.4753509, "_runtime": 160.80169987678528, "_step": 199, "_wandb": {"runtime": 160}}