{"loss": 29632.127563476562, "_timestamp": 1698349936.5424366, "_runtime": 165.38230156898499, "_step": 199, "_wandb": {"runtime": 164}}