{"loss": 68494.67358398438, "_timestamp": 1698264836.1870122, "_runtime": 5.996703147888184, "_step": 0, "_wandb": {"runtime": 9}}