{"plot_name": {"_type": "histogram", "values": [4, 3, 2, 1, 4, 0, 4, 1, 1, 2, 1, 2, 3, 6, 0, 2, 1, 3, 1, 2, 0, 1, 1, 0, 2, 2, 1, 6, 1, 2, 2, 5, 2, 2, 2, 3, 3, 1, 2, 1, 2, 3, 3, 0, 1, 1, 1, 3, 2, 2], "bins": [-0.09888841956853867, -0.09494480490684509, -0.09100119769573212, -0.08705758303403854, -0.08311396837234497, -0.0791703537106514, -0.07522674649953842, -0.07128313183784485, -0.06733951717615128, -0.0633959099650383, -0.05945229530334473, -0.055508680641651154, -0.05156506970524788, -0.047621455043554306, -0.04367784410715103, -0.03973422944545746, -0.035790618509054184, -0.03184700757265091, -0.027903392910957336, -0.023959780111908913, -0.02001616731286049, -0.016072556376457214, -0.012128942646086216, -0.008185330778360367, -0.004241717979311943, -0.0002981051802635193, 0.003645507385954261, 0.007589119952172041, 0.011532732285559177, 0.015476345084607601, 0.01941995695233345, 0.023363569751381874, 0.027307182550430298, 0.03125079721212387, 0.035194408148527145, 0.03913801908493042, 0.04308163374662399, 0.04702524468302727, 0.05096885934472084, 0.054912470281124115, 0.05885608494281769, 0.06279969960451126, 0.06674330681562424, 0.07068692147731781, 0.07463053613901138, 0.07857414335012436, 0.08251775801181793, 0.0864613726735115, 0.09040498733520508, 0.09434859454631805, 0.09829220920801163]}, "_timestamp": 1698584922.3596158, "_runtime": 2.7514657974243164, "_step": 4, "loss": 56936.81269741058, "_wandb": {"runtime": 2}}