{"loss": 61026.8408203125, "_timestamp": 1698352033.9199758, "_runtime": 4.226770639419556, "_step": 5, "img": {"_type": "plotly-file", "sha256": "642a184c71d607dc1b4ac940bc0fb5b99021d7e339ab490fdd3395cb7583bb61", "size": 8995, "path": "media/plotly/img_5_642a184c71d607dc1b4a.plotly.json"}, "_wandb": {"runtime": 3}}