{"loss": 31716.345642089844, "_timestamp": 1698350282.840511, "_runtime": 165.8817081451416, "_step": 199, "_wandb": {"runtime": 164}}