{"loss": 35435.74255371094, "_timestamp": 1698351135.89579, "_runtime": 4.832251071929932, "_step": 4, "_wandb": {"runtime": 4}}