{"loss": 26210.276733398438, "_timestamp": 1698349423.539363, "_runtime": 160.6618800163269, "_step": 199, "_wandb": {"runtime": 159}}