{"loss": 36294.232666015625, "_timestamp": 1698350794.0121088, "_runtime": 164.15917372703552, "_step": 199, "_wandb": {"runtime": 163}}