{"loss": 33265.343322753906, "_timestamp": 1698350451.8987286, "_runtime": 162.44657850265503, "_step": 199, "_wandb": {"runtime": 161}}