{"loss": 27025.047576904297, "_timestamp": 1698265073.939552, "_runtime": 50.46495008468628, "_step": 49, "_wandb": {"runtime": 50}}