{"loss": 35435.74255371094, "_timestamp": 1698351522.2009914, "_runtime": 4.943745374679565, "_step": 4, "_wandb": {"runtime": 4}}