{"loss": 27291.342712402344, "_timestamp": 1698349764.6353571, "_runtime": 168.09390306472778, "_step": 199, "_wandb": {"runtime": 167}}