{"loss": 34191.153564453125, "_timestamp": 1698348857.2473462, "_runtime": 158.60189008712769, "_step": 199, "_wandb": {"runtime": 158}}