{"loss": 32355.689575195312, "_timestamp": 1698350622.600867, "_runtime": 164.15561413764954, "_step": 199, "_wandb": {"runtime": 163}}