{"loss": 26549.992076069117, "_timestamp": 1699488841.90815, "_runtime": 4.027062892913818, "_step": 1, "_wandb": {"runtime": 3}}